{
  "hash": "cc5adb40",
  "configHash": "8445228e",
  "lockfileHash": "e43491f5",
  "browserHash": "01f30a96",
  "optimized": {
    "@angular/common": {
      "src": "../../../../../../node_modules/@angular/common/fesm2022/common.mjs",
      "file": "@angular_common.js",
      "fileHash": "d4ee754b",
      "needsInterop": false
    },
    "@angular/core": {
      "src": "../../../../../../node_modules/@angular/core/fesm2022/core.mjs",
      "file": "@angular_core.js",
      "fileHash": "6a7e3ad7",
      "needsInterop": false
    },
    "@angular/platform-browser": {
      "src": "../../../../../../node_modules/@angular/platform-browser/fesm2022/platform-browser.mjs",
      "file": "@angular_platform-browser.js",
      "fileHash": "85d21fd5",
      "needsInterop": false
    },
    "@angular/router": {
      "src": "../../../../../../node_modules/@angular/router/fesm2022/router.mjs",
      "file": "@angular_router.js",
      "fileHash": "231f33cb",
      "needsInterop": false
    }
  },
  "chunks": {
    "chunk-HNFVE3SF": {
      "file": "chunk-HNFVE3SF.js"
    },
    "chunk-6CCXCDNG": {
      "file": "chunk-6CCXCDNG.js"
    },
    "chunk-W5QGBK3I": {
      "file": "chunk-W5QGBK3I.js"
    }
  }
}